,address,beds,phone,price,title,address_geo,latitude,longitude,lat_rad,long_rad,parkScore,restaurantScore,serviceScore,newRestaurantScore,newParkScore,newServiceScore
0,"401 Amberson Ave, Pittsburgh, PA 15232",1-2 Bed,412-208-4328,"$1,395 - 1,860",Shadyside Commons,"401, Amberson Avenue, Shadyside, PGH, Allegheny County, Pennsylvania, 15232, USA",40.453782,-79.941287125,0.7060516907840166,-1.3952386686134017,[10.64523382],[11.29679308],[10.87999759],98,86,99
1,"1876 Parkview Blvd, Pittsburgh, PA 15217",1-2 Bed,844-228-9323,"$1,390 - 2,050",The Gateway at Summerset,"Parkview Boulevard, Summerset, Squirrel Hill South, PGH, Allegheny County, Pennsylvania, 15217, USA",40.4158874,-79.9209462,0.7053903052452906,-1.3948836524992505,[10.7317424],[11.11124682],[10.79197245],85,98,87
2,"6350 Penn Ave, Pittsburgh, PA 15206",Studio - 2 Bed,844-814-2588,"$1,740 - 3,080",Bakery Living Orange,"6350, Penn Avenue, East Liberty, PGH, Allegheny County, Pennsylvania, 15206, USA",40.4587677867345,-79.9191243438661,0.706138709178336,-1.3948518551112163,[10.57583631],[11.22084229],[10.86691797],93,77,97
3,"4107 Willow St, Pittsburgh, PA 15201",Studio - 2 Bed,412-437-2173,"$1,313 - 3,128",The Foundry at 41st,"The Foundry at 41st, 4107, Willow Street, Lawrenceville, Central Lawrenceville, PGH, Allegheny County, Pennsylvania, 15201, USA",40.47214545,-79.9640967542301,0.7063721934485421,-1.395636771744626,[10.48973614],[11.21895582],[10.80928034],93,66,89
4,"1100 Liberty Ave, Pittsburgh, PA 15222",Studio - 2 Bed,866-350-8444,"$1,203 - 2,879",The Pennsylvanian,"Pittsburgh Union Station, 1100, Liberty Avenue, Strip District, PGH, Allegheny County, Pennsylvania, 15222, USA",40.44519175,-79.991439299587,0.7059017626379472,-1.39611398918698,[10.62105927],[11.23519026],[10.78969465],94,83,87
5,"300 Heinz St, Pittsburgh, PA 15212",1-3 Bed,412-847-5081,"$1,195 - 3,725",Heinz Lofts,"300, Heinz Street, Troy Hill, PGH, Allegheny County, Pennsylvania, 15212, USA",40.454095,-79.991096,0.7060571536645756,-1.396107997478866,[10.58482737],[11.2203221],[10.7903925],93,78,87
6,"5522 Baum Blvd, Pittsburgh, PA 15232",Studio - 3 Bed,844-762-5514,"$952 - 3,042",Ollie at Baumhaus,"Ollie at Baumhaus, 5522, Baum Boulevard, Friendship, PGH, Allegheny County, Pennsylvania, 15232, USA",40.4573252,-79.9363714977744,0.7061135312900734,-1.3951528747335145,[10.61504026],[11.28004006],[10.87516659],97,82,98
7,"3922 Foster St, Pittsburgh, PA 15201",Studio - 3 Bed,844-831-9422,"$995 - 3,080",Arsenal 201,"Foster Street, Lower Lawrenceville, PGH, Allegheny County, Pennsylvania, 15201, USA",40.4699532,-79.9635357,0.7063339314680153,-1.3956269795010285,[10.5116604],[11.23389637],[10.81960527],94,69,91
8,"26 S 28th St, Pittsburgh, PA 15203",1-2 Bed,844-430-5599,"$995 - 1,374",Live South Side,"26, South 28th Street, South Side Flats, PGH, Allegheny County, Pennsylvania, 15203, USA",40.4257671518772,-79.9664264630501,0.7055627394448277,-1.395677432834148,[10.71747821],[11.26624101],[10.81786027],96,96,91
9,"2501 Liberty Ave, Pittsburgh, PA 15222",1-2 Bed,412-437-2361,"$1,395 - 2,455",The Brake House Lofts,"Liberty Avenue, Downtown, PGH, Allegheny County, Pennsylvania, 15222, USA",40.4413713,-80.0040507,0.7058350832065394,-1.396334099647474,[10.58438875],[11.17247982],[10.73201529],89,78,79
10,"2349 Railroad St, Pittsburgh, PA 15222",1-3 Bed,866-626-1231,"$1,635 - 7,898",The Cork Factory Lofts,"Bridgestreet at The Cork Factory, 2349, Railroad Street, Strip District, PGH, Allegheny County, Pennsylvania, 15222, USA",40.4548656,-79.9827251168269,0.7060706031717913,-1.3959618980061956,[10.60234018],[11.2524769],[10.81715756],95,81,91
11,"475 Garner Ct, Pittsburgh, PA 15213",1-3 Bed,844-209-9199,"$1,095 - 2,175",Oak Hill Apartments,"475, Garner Court, Oak Hill Apartments, Terrace Village, PGH, Allegheny County, Pennsylvania, 15213, USA",40.4423354288569,-79.9704125966193,0.7058519104295059,-1.3957470039893547,[10.68402381],[11.30117839],[10.84798811],99,91,95
12,"651 Oaklynn Ct, Pittsburgh, PA 15220",Studio - 3 Bed,412-253-4242,"$730 - 1,490",Crane Village Apartments,"651, Oaklynn Court, Crane Village, Banksville, PGH, Allegheny County, Pennsylvania, 15220, USA",40.4154684725044,-80.0335259392946,0.7053829935811652,-1.3968485396209782,[10.42389868],[10.91081612],[10.47222249],70,57,43
13,"717 Liberty Ave, Pittsburgh, PA 15222",1-2 Bed,412-223-9839,"$1,250 - 1,995",The Clark Building,"717, Liberty Avenue, Downtown, PGH, Allegheny County, Pennsylvania, 15222, USA",40.4425722827309,-79.999693523422,0.7058560443094533,-1.3962580525700972,[10.59925491],[11.19642489],[10.75366737],91,80,82
14,"611 William Penn Pl, Pittsburgh, PA 15219",1-3 Bed,412-620-6372,"$1,250 - 2,300",The Residences at the Historic Alcoa Building,"611, William Penn Place, Downtown, PGH, Allegheny County, Pennsylvania, 15219, USA",40.4412988133289,-79.9967525189058,0.705833818075465,-1.3962067223579735,[10.61356165],[11.2119082],[10.76483745],92,82,83
15,"2400 Village Rd, Pittsburgh, PA 15205",1-3 Bed,412-533-5758,"$875 - 1,220",Emerald Gardens,"Village Road, Emerald Gardens, Fairywood, PGH, Allegheny County, Pennsylvania, 15205, USA",40.4487196,-80.0770864,0.7059633352359637,-1.397608813083973,[10.05501844],[10.4236378],[10.15103269],35,9,0
16,"272 Shady Ave, Pittsburgh, PA 15206",1-3 Bed,844-823-6344,"$985 - 2,235","Franklin West Apartments, Leasing Office","272, Shady Avenue, Shadyside, PGH, Allegheny County, Pennsylvania, 15206, USA",40.45727845,-79.9226354993343,0.7061127153486481,-1.3949131363346858,[10.59588872],[11.23872847],[10.87198385],94,80,98
17,"275 Oakville Dr, Pittsburgh, PA 15220",Studio - 3 Bed,844-829-9060,"$695 - 1,215",Hyland Hills Apartments,"Oakville Drive, Hyland Hills Apartments, Banksville, PGH, Allegheny County, Pennsylvania, 15220, USA",40.4191147,-80.0358489,0.7054466322562402,-1.396889082933682,[10.41413848],[10.90451695],[10.46962949],70,56,43
18,"400 5th Ave, Pittsburgh, PA 15219",Studio - 2 Bed,844-459-8552,"$1,153 - 2,501",Kaufmann's Grand on Fifth Avenue,"Fifth Avenue, Bellefield, North Oakland, PGH, Allegheny County, Pennsylvania, 15213-3704, USA",40.4470102,-79.9485357,0.7059335005777302,-1.3953651801132294,[10.68718523],[11.31215909],[10.88005701],100,92,99
19,"3030 S Water St, Pittsburgh, PA 15203",1 Bed,412-923-4675,"$1,400 - 1,600",3030 South Water Apartments,"South Water Street, SouthSide Works, South Side Flats, PGH, Allegheny County, Pennsylvania, 15203-2275, USA",40.4279919,-79.9639442,0.7056015686245982,-1.3956341091710232,[10.7220556],[11.27735401],[10.82941047],97,96,92
20,"6105 Spirit St, Pittsburgh, PA 15206",Studio - 2 Bed,877-623-8306,"$1,466 - 7,003",Eastside Bond,"Eastside Bond Building B, 6105, Spirit Street, Shadyside, PGH, Allegheny County, Pennsylvania, 15206, USA",40.46002785,-79.923256625209,0.7061607014311024,-1.3949239770262687,[10.57284339],[11.23396019],[10.8658308],94,77,97
21,"5250 Liberty Ave, Pittsburgh, PA 15224",Studio - 3 Bed,844-857-3737,"$1,165 - 3,605",Morrow Park City Apartments,"5250, Liberty Avenue, Bloomfield, PGH, Allegheny County, Pennsylvania, 15224, USA",40.4568708337938,-79.9402810994,0.7061056011037654,-1.3952211101543224,[10.62187518],[11.28865013],[10.87564203],98,83,99
22,"2645 Railroad St, Pittsburgh, PA 15222",Studio - 2 Bed,844-750-1008,"$1,240 - 2,365",The Yards at 3 Crossings,"2645, Railroad Street, Strip District, PGH, Allegheny County, Pennsylvania, 15222, USA",40.456786910888,-79.9794936168839,0.7061041363727414,-1.3959054976924123,[10.59793638],[11.25764451],[10.82388949],96,80,91
23,"1420 Centre Ave, Pittsburgh, PA 15219",Studio - 2 Bed,412-532-1007,"$1,004 - 2,610",City View,"City View, 1420, Centre Avenue, Downtown, PGH, Allegheny County, Pennsylvania, 15232, USA",40.44040115,-79.9865252230886,0.7058181508948013,-1.396028222372388,[10.65018728],[11.25608452],[10.80215154],95,87,89
24,"10 Allegheny Ctr, Pittsburgh, PA 15212",Studio - 2 Bed,412-253-4253,"$860 - 2,975",Park View Apartments,"Allegheny Center, PGH, Allegheny County, Pennsylvania, USA",40.4529367,-80.0063438,0.7060369375158496,-1.3963741217925516,[10.5372853],[11.13964618],[10.72593383],87,72,78
25,"1800 Fifth Ave, Pittsburgh, PA 15219",2-3 Bed,844-202-0680,"$1,600 - 2,200",Fifth Avenue School Lofts,"1800, Fifth Avenue, Soho, Bluff, PGH, Allegheny County, Pennsylvania, 15219, USA",40.438297,-79.98121,0.7057814265493454,-1.3959354542290139,[10.67029168],[11.27231606],[10.81555656],97,90,90
26,"100 7th St, Pittsburgh, PA 15222",1-2 Bed,888-843-1690,"$1,446 - 4,632",The Encore on 7th Apartments,"Bridgestreet The Encore on 7th, 100, 7th Street, Downtown, PGH, Allegheny County, Pennsylvania, 15222, USA",40.44414865,-80.0009956910752,0.7058835571085198,-1.3962807796830587,[10.58994846],[11.18833258],[10.74939168],90,79,81
27,"4101 Bigelow Blvd, Pittsburgh, PA 15213",1-2 Bed,412-307-7720,"$1,050 - 2,450",Schenley Apartments,"4101, Bigelow Boulevard, North Oakland, PGH, Allegheny County, Pennsylvania, 15213, USA",40.450834,-79.954848,0.7060002384776679,-1.395475350531603,[10.66403681],[11.31182195],[10.87413805],99,89,98
28,"201 Stanwix St, Pittsburgh, PA 15222",1-2 Bed,844-222-1998,"$1,150 - 1,995",201 Stanwix Street Apartments,"Bell Telephone Company of Pennsylvania Western Headquarters Building, 201, Stanwix Street, Downtown, PGH, Allegheny County, Pennsylvania, 15222, USA",40.4400767,-80.0050858548482,0.7058124881740431,-1.3963521665078433,[10.58262602],[11.16659468],[10.72513826],89,78,78
29,"2404 Railroad St, Pittsburgh, PA 15222",Studio - 2 Bed,412-567-4141,"$1,242 - 2,316",Lot 24 Apartments,"2404, Railroad Street, Strip District, PGH, Allegheny County, Pennsylvania, 15222, USA",40.4547825317453,-79.982086957673,0.706069153357243,-1.3959507600278085,[10.60424135],[11.25498772],[10.81910433],95,81,91
30,"5746 Howe St, Pittsburgh, PA 15232",Condo for Rent,,"$1,050",5746 Howe St,"5746, Howe Street, Shadyside, PGH, Allegheny County, Pennsylvania, 15232, USA",40.4515954627758,-79.9289009624023,0.706013528510237,-1.3950224892943845,[10.64935404],[11.26992537],[10.88219496],96,87,99
31,"211 Forbes Ave, Pittsburgh, PA 15222",Studio - 2 Bed,844-885-7665,"$1,375 - 3,725",Market Square Place,"211, Forbes Avenue, Downtown, PGH, Allegheny County, Pennsylvania, 15222, USA",40.4405741491484,-80.0018870330785,0.7058211702995439,-1.3962963365357777,[10.59511632],[11.18493447],[10.74116857],90,80,80
32,"130 7th St, Pittsburgh, PA 15222",2 Bed,844-586-2302,"$1,725 - 1,750",Century Building,"130, 7th Street, Downtown, PGH, Allegheny County, Pennsylvania, 15222, USA",40.4440730135247,-80.0007571580619,0.7058822370029911,-1.3962766164966018,[10.59109886],[11.18971474],[10.75040619],91,79,81
33,"3459 Butler St, Pittsburgh, PA 15201",2 Bed,412-253-2202,"$1,900 - 2,440",Doughboy Square Apartments,"3459, Butler Street, Lower Lawrenceville, PGH, Allegheny County, Pennsylvania, 15201, USA",40.4634539132545,-79.9667907000724,0.7062204975152749,-1.3956837899694445,[10.56797562],[11.26348265],[10.83731456],96,76,93
34,"300 Liberty Ave, Pittsburgh, PA 15222",Studio - 3 Bed,412-345-8286,"$1,330 - 5,995",River Vue,"Liberty Avenue, Downtown, PGH, Allegheny County, Pennsylvania, 15222, USA",40.4413713,-80.0040507,0.7058350832065394,-1.396334099647474,[10.58438875],[11.17247982],[10.73201529],89,78,79
35,"3010 Jane St, Pittsburgh, PA 15203",2 Bed,412-923-4743,"$2,000",Print Shop Lofts,"3010, Jane Street, Billy Buck Hill, South Side Slopes, PGH, Allegheny County, Pennsylvania, 15203, USA",40.4232933574971,-79.9648674630189,0.7055195635878777,-1.3956502231505648,[10.71933972],[11.25563743],[10.81159106],95,96,90
36,"2633 Fifth Ave, Pittsburgh, PA 15213",1-2 Bed,844-280-5364,"$1,300 - 1,900",Portal Place,"2633, Fifth Avenue, West Oakland, PGH, Allegheny County, Pennsylvania, 15213, USA",40.4368926123739,-79.9659894651514,0.7057569153612957,-1.3956698057819912,[10.7071209],[11.30146047],[10.8485665],99,94,95
37,"121 7th St, Pittsburgh, PA 15222",2 Bed,844-723-3301,"$2,500 - 2,575",Aria Cultural District Lofts,"121, 7th Street, Downtown, PGH, Allegheny County, Pennsylvania, 15222, USA",40.4441403879374,-80.000940310841,0.7058834129083243,-1.3962798131156313,[10.59018989],[11.18864663],[10.74963595],91,79,81
38,"841 California Ave, Pittsburgh, PA 15202",Studio - 2 Bed,412-368-9413,"$840 - 1,651",Avalon Arms Apartments,"Letter Carriers Building, 841, California Avenue, California-Kirkbride, PGH, Allegheny County, Pennsylvania, 15214, USA",40.45932865,-80.01801785,0.7061484980889725,-1.3965778724020943,[10.45625073],[11.0316368],[10.6569333],79,62,69
39,"100 Anderson St, Pittsburgh, PA 15212",1-2 Bed,888-353-5443,"$1,594 - 3,188",North Shore Apartments,"100, Anderson Street, North Shore, PGH, Allegheny County, Pennsylvania, 15212, USA",40.448203,-80.000384,0.705954318865048,-1.3962701036597913,[10.57934558],[11.1865399],[10.75445088],90,78,82
40,"7070 Forward Ave, Pittsburgh, PA 15217",1-2 Bed,412-206-5629,"$1,119 - 1,995",Walnut Towers at Frick Park,"Forward Avenue, Squirrel Hill South, PGH, Allegheny County, Pennsylvania, 15217, USA",40.4281986,-79.9266156,0.7056051762201621,-1.3949826021958631,[10.74067395],[11.21530892],[10.84902906],92,99,95
41,"121 S Highland Ave, Pittsburgh, PA 15206",Studio - 3 Bed,412-308-5384,"$1,522 - 3,187",Walnut on Highland,"Highland Building, 121, South Highland Avenue, East Liberty, PGH, Allegheny County, Pennsylvania, 15206, USA",40.46069975,-79.9247449470533,0.7061724282983466,-1.3949499531427811,[10.56947298],[11.23734264],[10.8646827],94,76,97
42,"2915 Sidney St, Pittsburgh, PA 15203",Studio - 2 Bed,412-419-1366,"$1,656 - 3,521",Hot Metal Flats,"Sidney Street, South Side Flats, PGH, Allegheny County, Pennsylvania, 15203, USA",40.4291106,-79.9709027,0.7056210936229402,-1.395755557907023,[10.70771586],[11.27433164],[10.81994007],97,94,91
43,"5765 Centre Ave, Pittsburgh, PA 15206",Studio - 2 Bed,844-845-4811,"$1,297 - 1,620",Coda on Centre,"5765, Centre Avenue, Friendship, PGH, Allegheny County, Pennsylvania, 15206, USA",40.4581649633394,-79.9313172158883,0.7061281879252834,-1.395064660873278,[10.60232458],[11.26542822],[10.87297671],96,81,98
44,"6201 Broad St, Pittsburgh, PA 15206",1-2 Bed,844-503-5881,"$699 - 1,225",Fairfield Apartments,"6201, Broad Street, East Liberty, PGH, Allegheny County, Pennsylvania, 15206, USA",40.4616952,-79.9216899,0.7061898021783856,-1.3948966325128977,[10.55407616],[11.22272699],[10.86034869],93,74,96
45,"1411 Grandview Ave, Pittsburgh, PA 15211",1-2 Bed,877-340-0934,"$1,049 - 2,120",Grandview Pointe Apartments,"1411, Grandview Avenue, Duquesne Heights, PGH, Allegheny County, Pennsylvania, 15211, USA",40.4389611214887,-80.0209921332631,0.7057930176559565,-1.3966297834379222,[10.5060901],[11.05801322],[10.63369193],81,68,65
46,"1001 N Negley Ave, Pittsburgh, PA 15206",1-2 Bed,412-436-5519,"$1,090 - 1,325",Highland Park Club Apartments,"1001, North Negley Avenue, Highland Park, PGH, Allegheny County, Pennsylvania, 15206, USA",40.4743228,-79.9254412,0.7064101953750105,-1.3949621050491277,[10.4223316],[11.17356729],[10.80697469],89,57,89
47,"5700 Bunkerhill St, Pittsburgh, PA 15206",1-2 Bed,844-617-0572,"$1,035 - 1,355",Parklane,"5700, Bunkerhill Street, Highland Park, PGH, Allegheny County, Pennsylvania, 15206, USA",40.47885745,-79.919646859801,0.706489339947936,-1.3948609747346745,[10.34740028],[11.12099131],[10.77369458],86,47,85
48,"2715 Murray Ave, Pittsburgh, PA 15217",Studio - 1 Bed,844-404-5887,"$890 - 1,155",Morrowfield,"The Morrowfield, 2715, Murray Avenue, Squirrel Hill South, PGH, Allegheny County, Pennsylvania, 15217, USA",40.4284419,-79.924321639171,0.7056094226062322,-1.3949425650264853,[10.73834692],[11.20709527],[10.84901138],92,98,95
49,"515 S Aiken Ave, Pittsburgh, PA 15232",1 Bed,844-482-7905,"$1,180 - 1,225",Arlington,"515, South Aiken Avenue, Shadyside, PGH, Allegheny County, Pennsylvania, 15232, USA",40.4554907716368,-79.938209335999,0.7060815144752436,-1.3951849510616527,[10.63087615],[11.28804508],[10.87823688],98,84,99
50,"8228 Ohio River Blvd, Pittsburgh, PA 15202",1-2 Bed,412-348-8305,$650 - 800,Emsworth Arms Apartments,"Ohio River Boulevard, Chateau, PGH, Allegheny County, Pennsylvania, 15233, USA",40.457283,-80.0299493,0.706112794761129,-1.3967861154891312,[10.40320262],[10.93869395],[10.58252526],72,55,58
51,"5 Grandview Ave, Pittsburgh, PA 15211",2 Bed,844-681-2898,"$1,800 - 2,200",Mountvue Apartments,"5, Grandview Avenue, Mount Washington, PGH, Allegheny County, Pennsylvania, 15211, USA",40.4311716938775,-80.0061119795918,0.7056570664972953,-1.3963700757631552,[10.58800854],[11.15213529],[10.70111777],88,79,75
52,"700 Mansfield Ave, Pittsburgh, PA 15205",Studio - 2 Bed,412-924-8122,"$795 - 3,500",Terrain Apartments,"700, Mansfield Avenue, East Carnegie, Green Tree, Allegheny County, Pennsylvania, 15220, USA",40.417275207015,-80.0616588471137,0.7054145270470845,-1.3973395514905815,[10.21688582],[10.63812135],[10.23032663],50,30,10
53,"245 Lincoln Ave, Pittsburgh, PA 15202",Studio - 2 Bed,412-587-4921,$590 - 835,Lincoln House,"245, Lincoln Avenue, Larimer, PGH, Allegheny County, Pennsylvania, 15206, USA",40.4605294438189,-79.9132832163029,0.7061694558947499,-1.3947499082032095,[10.54568745],[11.18904314],[10.85870934],91,73,96
54,"1601 Penn Ave, Pittsburgh, PA 15221",Studio - 2 Bed,844-218-9867,$569 - 889,Ambassador Apartments,"Penn Avenue, Park Place, Point Breeze North, PGH, Allegheny County, Pennsylvania, 15208, USA",40.4476295,-79.8966152,0.7059443094017878,-1.3944589964389478,[10.60222296],[11.10247001],[10.86722801],84,81,97
55,"1435 Parkview Blvd, Pittsburgh, PA 15217",2 Bed,844-564-8456,"$1,800",The Reserve at Summerset at Frick Park,"1435, Parkview Boulevard, Summerset, Squirrel Hill South, PGH, Allegheny County, Pennsylvania, 15217, USA",40.4196597858361,-79.916100602411,0.7054561457987861,-1.3947990808670958,[10.73081654],[11.11474757],[10.80783341],85,97,89
56,"4500 Centre Ave, Pittsburgh, PA 15213",1-3 Bed,412-533-2310,"$964 - 1,650",One on Centre,"4500, Centre Avenue, Bellefield, North Oakland, PGH, Allegheny County, Pennsylvania, 15213, USA",40.451455,-79.953158,0.7060110769723229,-1.3954458544672446,[10.6611333],[11.31088941],[10.87538606],99,88,99
57,"824 Perry Hwy, Pittsburgh, PA 15229",1-2 Bed,412-365-5671,$695 - 825,Perry Highway Apartments,"Perrysville Avenue, Perry North, Ross Township, Allegheny County, Pennsylvania, 15214, USA",40.4983102,-80.0203109,0.7068288544840032,-1.3966178936745068,[10.12342649],[10.67086549],[10.46957488],53,18,43
58,"611 E Waterfront Dr, Munhall, PA 15120",1-3 Bed,412-368-9408,"$1,041 - 3,096",The Waterfront,"611, E Waterfront Drive, The Waterfront, Munhall, Allegheny County, Pennsylvania, 15120, USA",40.414013147517,-79.904473050118,0.7053575933684484,-1.3945961417956352,[10.70298691],[10.99901802],[10.76718487],77,94,84
59,"562 Oak Hill Dr, Pittsburgh, PA 15213",Townhome for Rent,,"$2,175",562 Oak Hill Dr,"Oak Hill Drive, Oak Hill Apartments, Terrace Village, PGH, Allegheny County, Pennsylvania, 15213, USA",40.4432213,-79.9699101,0.7058673717977013,-1.395738233768868,[10.68190695],[11.30233991],[10.84987203],99,91,95
60,"3076 Terrace St, Pittsburgh, PA 15213",Townhome for Rent,,"$1,525",3076 Terrace St,"3076, Terrace Street, Oak Hill Apartments, Terrace Village, PGH, Allegheny County, Pennsylvania, 15213, USA",40.4399002505426,-79.9678993416437,0.7058094085500481,-1.3957031394150883,[10.69611944],[11.30340173],[10.85002041],99,93,95
61,"340 Eckstein Pl, Pittsburgh, PA 15213",Townhome for Rent,,"$2,050",340 Eckstein Pl,"Eckstein Place, Oak Hill Apartments, Terrace Village, PGH, Allegheny County, Pennsylvania, 15213, USA",40.4426089,-79.9685145,0.7058566834013622,-1.395713875953827,[10.68650797],[11.30445513],[10.85208332],99,92,95
62,"5644 Hempstead Rd, Pittsburgh, PA 15217",,,,5644 Hempstead Road,"5644, Hempstead Road, Squirrel Hill South, PGH, Allegheny County, Pennsylvania, 15217, USA",40.4320085361293,-79.9266552081881,0.705671672149909,-1.3949832934891562,[10.73460002],[11.23228263],[10.8609683],94,98,97
63,"1404 Milan Ave, Pittsburgh, PA 15226",House for Rent,412-215-6748,"$1,095",1404 Milan Ave,"1404, Milan Avenue, West Liberty, Brookline, PGH, Allegheny County, Pennsylvania, 15226, USA",40.393757,-80.0092436666667,0.7050040569005072,-1.3964247340137546,[10.48307422],[10.92061866],[10.51728392],71,65,50
64,"239 Ingram Ave, Pittsburgh, PA 15205",Townhome for Rent,412-802-9142,$895,239 Ingram Ave,"239, Ingram Avenue, Fairywood, Ingram, Allegheny County, Pennsylvania, 15205, USA",40.442118,-80.0742565,0.7058481155800641,-1.3975594220114709,[10.09346072],[10.48172584],[10.17297867],39,14,3
65,"2211 Wightman St, Pittsburgh, PA 15217",Townhome for Rent,724-393-0086,"$1,650",2211 Wightman St,"Wightman Street, Squirrel Hill South, PGH, Allegheny County, Pennsylvania, 15217, USA",40.4357578,-79.9276271,0.7057371091489787,-1.395000256201247,[10.72600001],[11.24901217],[10.87060029],95,97,98
66,"5627 Pocusset St, Pittsburgh, PA 15217",House for Rent,412-901-3820,"$1,850",5627 Pocusset St,"Pocusset Street, Squirrel Hill South, PGH, Allegheny County, Pennsylvania, 15217, USA",40.4293103,-79.9265896,0.7056245790454564,-1.3949821484102576,[10.7392402],[11.22047805],[10.85274356],93,99,95
67,"67 Bates St, Pittsburgh, PA 15213",House for Rent,412-489-4683,"$1,600",67 Bates St,"67, Bates Street, Oakcliffe, Central Oakland, PGH, Allegheny County, Pennsylvania, 15213, USA",40.4390460648234,-79.9521809027649,0.7057945001968247,-1.3954288009033797,[10.71818849],[11.30890044],[10.87035591],99,96,98
68,"8 Enfield St, Pittsburgh, PA 15213",Townhome for Rent,412-444-8948,"$2,300",8 Enfield St,"Enfield Street, Bloomfield, PGH, Allegheny County, Pennsylvania, 15213, USA",40.4532702,-79.9493274,0.706042758188905,-1.3953789978849176,[10.65056024],[11.30656036],[10.87688591],99,87,99
69,"5413 Bossart St, Pittsburgh, PA 15206",Townhome for Rent,724-900-2045,"$1,400",5413 Bossart St,"5413, Bossart Street, Morningside, PGH, Allegheny County, Pennsylvania, 15206, USA",40.476389,-79.9290895,0.706446257368015,-1.3950257798962282,[10.40434239],[11.17025062],[10.7967756],89,55,88
70,"957 Lilac St, Pittsburgh, PA 15217",Townhome for Rent,412-212-3422,"$1,195",957 Lilac St,"957, Lilac Street, Four Mile Run, Greenfield, PGH, Allegheny County, Pennsylvania, 15217, USA",40.4240102909038,-79.930742444802,0.7055320764363421,-1.3950546292253767,[10.7456174],[11.20848203],[10.83460642],92,99,93
71,"118 S 26th St, Pittsburgh, PA 15203",House for Rent,888-339-7795,"$1,480",118 S 26th St,"118, South 26th Street, South Side Flats, PGH, Allegheny County, Pennsylvania, 15203, USA",40.426052,-79.969161106383,0.7055677109824386,-1.3957251613641748,[10.71187433],[11.26473701],[10.81372253],96,95,90
72,"250 37th St, Pittsburgh, PA 15201",Townhome for Rent,855-447-5928,"$1,495",250 37th St,"250, 37th Street, Lower Lawrenceville, PGH, Allegheny County, Pennsylvania, 15201, USA",40.464975477702,-79.9633459868911,0.7062470538246651,-1.3956236683826442,[10.55742366],[11.26172627],[10.83804484],96,75,93
73,"2606 Larkins Way, Pittsburgh, PA 15203",House for Rent,412-433-0032,"$2,200",2606 Larkins Way,"2606, Larkins Way, South Side Flats, PGH, Allegheny County, Pennsylvania, 15203, USA",40.4260315450873,-79.9688166262747,0.7055673539768639,-1.3957191490520773,[10.71261014],[11.26504623],[10.8143276],96,95,90
74,"3552 Beechwood Blvd, Pittsburgh, PA 15217",House for Rent,412-329-4646,"$1,850",3552 Beechwood Blvd,"Beechwood Boulevard, Four Mile Run, Greenfield, PGH, Allegheny County, Pennsylvania, 15217, USA",40.4278554,-79.9287067,0.7055991862501692,-1.3950190987758517,[10.74255851],[11.22165678],[10.8484882],93,99,95
75,"5413 Keystone St, Pittsburgh, PA 15201",Townhome for Rent,844-511-7084,"$1,750",5413 Keystone St,"5413, Keystone Street, Upper Lawrenceville, PGH, Allegheny County, Pennsylvania, 15201, USA",40.4819896945904,-79.9496180575307,0.7065440079290163,-1.395384070815824,[10.36714381],[11.15389996],[10.7639097],88,50,83
76,"1035 McCabe St, Pittsburgh, PA 15201",House for Rent,412-357-5680,"$1,150",1035 McCabe St,"1035, McCabe Street, Stanton Heights, PGH, Allegheny County, Pennsylvania, 15201, USA",40.4780575053052,-79.9392740983159,0.7064753782791778,-1.395203534669834,[10.40276721],[11.17892929],[10.79022707],90,55,87
77,"5415 Bossart St, Pittsburgh, PA 15206",Townhome for Rent,412-404-6882,"$1,400",5415 Bossart St,"5415, Bossart Street, Morningside, PGH, Allegheny County, Pennsylvania, 15206, USA",40.47634,-79.9290534,0.7064454021566816,-1.3950251498323682,[10.40489351],[11.17050163],[10.79705818],89,55,88
78,"5413 Bossart St, Pittsburgh, PA 15206",Townhome for Rent,412-205-6190,"$1,400",5413 Bossart St,"5413, Bossart Street, Morningside, PGH, Allegheny County, Pennsylvania, 15206, USA",40.476389,-79.9290895,0.706446257368015,-1.3950257798962282,[10.40434239],[11.17025062],[10.7967756],89,55,88
79,"103 Dilworth St, Pittsburgh, PA 15211",Condo for Rent,,"$1,540","3 br, 2 bath Apartment - 103 Dilworth St","103, Dilworth Street, Mount Washington, PGH, Allegheny County, Pennsylvania, 15211, USA",40.4253446500261,-80.0117219989546,0.7055553653964302,-1.3964679890721368,[10.56013316],[11.10429031],[10.65354992],84,75,68
80,"847 Flemington St, Pittsburgh, PA 15217",Condo for Rent,,$700,847 Flemington St,"847, Flemington Street, Four Mile Run, Greenfield, PGH, Allegheny County, Pennsylvania, 15217, USA",40.4266508921523,-79.9342690605169,0.7055781636223607,-1.3951161802810543,[10.74595339],[11.2345127],[10.84525591],94,99,94
81,"847 Flemington St, Pittsburgh, PA 15217",Condo for Rent,,$600,847 Flemington St,"847, Flemington Street, Four Mile Run, Greenfield, PGH, Allegheny County, Pennsylvania, 15217, USA",40.4266508921523,-79.9342690605169,0.7055781636223607,-1.3951161802810543,[10.74595339],[11.2345127],[10.84525591],94,99,94
82,"433 Flowers Ave, Pittsburgh, PA 15207",House for Rent,,$749,433 Flowers Ave,"433, Flowers Avenue, Glenwood, Hazelwood, PGH, Allegheny County, Pennsylvania, 15207, USA",40.4121341759822,-79.9376125874334,0.705324799128615,-1.3951745358343766,[10.72890014],[11.14678037],[10.77948752],87,97,85
83,"5101 1/2 Lytle St, Pittsburgh, PA 15207",House for Rent,,$699,2 Bedroom/1 Bath Available in Hazelwood!!,"5101, Lytle Street, Glenwood, Hazelwood, PGH, Allegheny County, Pennsylvania, 15207, USA",40.406641,-79.945192,0.7052289251213341,-1.3953068215390307,[10.70547704],[11.11811747],[10.74876578],85,94,81
84,"214 Franklin Ave, Pittsburgh, PA 15221",House for Rent,,"$1,749","5 br, 3 bath House - 214 Franklin Ave","214, Franklin Avenue, Park Place, Point Breeze South, Wilkinsburg, Allegheny County, Pennsylvania, 15221, USA",40.4434578636364,-79.8928924545455,0.705871500612047,-1.3943940222735531,[10.61555943],[11.07009347],[10.86379661],82,82,97
85,"729 S Negley Ave, Pittsburgh, PA 15232",Condo for Rent,,"$1,275","1 br, 1 bath  - 729 South Negley Avenue 2","729, South Negley Avenue, Shadyside, PGH, Allegheny County, Pennsylvania, 15232, USA",40.452623890209,-79.9311890653334,0.7060314779550642,-1.3950624242241567,[10.64496826],[11.27578043],[10.88168556],97,86,99
86,"220 Heinz St, Pittsburgh, PA 15212",Condo for Rent,,"$1,750",220 Heinz St,"220, Heinz Street, Troy Hill, PGH, Allegheny County, Pennsylvania, 15212, USA",40.4538585918367,-79.9907581632653,0.7060530275637473,-1.3961021011155113,[10.58700396],[11.22254486],[10.79180087],93,79,87
87,"808 Portland St, Pittsburgh, PA 15206",Condo for Rent,,$775,"1 br, 1 bath  - 808 Portland St","808, Portland Street, Highland Park, PGH, Allegheny County, Pennsylvania, 15206, USA",40.47175655,-79.925442298945,0.7063654058630812,-1.3949621242293362,[10.45373458],[11.18959025],[10.82107999],91,61,91
88,"1511 St Patrick St, Pittsburgh, PA 15210",Townhome for Rent,,$895,1511 St Patrick St,"1511, Saint Patrick Street, Billy Buck Hill, South Side Slopes, PGH, Allegheny County, Pennsylvania, 15210, USA",40.4212375461546,-79.9824242846285,0.7054836829111512,-1.3959566474938374,[10.67334523],[11.21741314],[10.76333259],93,90,83
89,"353 Grace St, Pittsburgh, PA 15211",Condo for Rent,,$750,353 Grace St,"353, Grace Street, Mount Washington, PGH, Allegheny County, Pennsylvania, 15211, USA",40.4302656067118,-80.0117896052771,0.7056412522929437,-1.3964691690250595,[10.5612009],[11.11590405],[10.66851501],85,75,70
90,"375 Semple St, Pittsburgh, PA 15213",House for Rent,,"$2,450","5 br, 3 bath House - 375 Semple St","375, Semple Street, Oakland, Central Oakland, PGH, Allegheny County, Pennsylvania, 15213, USA",40.4376254180768,-79.9554707239136,0.7057697052335886,-1.3954862191142265,[10.71952031],[11.30759825],[10.86478761],99,96,97
91,"5552 Beacon St, Pittsburgh, PA 15217",House for Rent,,"$1,300",5552 Beacon St,"5552, Beacon Street, Squirrel Hill South, PGH, Allegheny County, Pennsylvania, 15217, USA",40.433915139059,-79.9284995977775,0.7057049486485605,-1.3950154841601807,[10.73179503],[11.24623786],[10.86651787],95,98,97
92,"2660 S 18th St, Pittsburgh, PA 15210",Condo for Rent,,"$1,100","3 br, 1 bath Apartment - 2660 S 18th St","2660, South 18th Street, Billy Buck Hill, South Side Slopes, PGH, Allegheny County, Pennsylvania, 15210, USA",40.4201224963637,-79.9869071749841,0.7054642216209763,-1.3960348886905487,[10.65733305],[11.19906036],[10.74469034],91,88,81
93,"5720 Solway St, Pittsburgh, PA 15217",Condo for Rent,,"$2,450","3 br, 2 bath Apartment - 5720 Solway","5720, Solway Street, Squirrel Hill, Squirrel Hill North, PGH, Allegheny County, Pennsylvania, 15217, USA",40.4428386792777,-79.9249966173692,0.7058606938063109,-1.394954345618423,[10.69555872],[11.25446627],[10.88078278],95,93,99
94,"1670 Breining St, Pittsburgh, PA 15234",Condo for Rent,,"$1,200","3 br, 1.5 bath Apartment - 1670 Breining St","1670, Breining Street, Overbrook, PGH, Allegheny County, Pennsylvania, 15234, USA",40.3885502302977,-80.003361480177,0.704913181625809,-1.396322070492293,[10.47932019],[10.89258312],[10.51548076],69,65,49
95,"130 S 22nd St, Pittsburgh, PA 15203",Condo for Rent,,"$1,400",130 S 22nd St,"130, South 22nd Street, South Side Flats, PGH, Allegheny County, Pennsylvania, 15203, USA",40.426935,-79.974893,0.7055831222397339,-1.3958252017801653,[10.69859049],[11.25954823],[10.8041106],96,93,89
96,"412 William St, Pittsburgh, PA 15211",Condo for Rent,,$800,"2 br, 1 bath Apartment - 412 William St","412, William Street, Allentown, PGH, Allegheny County, Pennsylvania, 15211, USA",40.4280740458649,-80.0034835897951,0.7056030023404076,-1.3963242017071769,[10.59996265],[11.15960151],[10.70511107],88,80,75
97,"19 Edith Pl, Pittsburgh, PA 15213",Condo for Rent,,$420,"3 br, 1 bath Apartment - 19 Edith Pl","19, Edith Place, South Oakland, PGH, Allegheny County, Pennsylvania, 15213, USA",40.4330099835953,-79.9545796097569,0.7056891507054764,-1.3954706662381808,[10.73043013],[11.29586076],[10.85583579],98,97,96
98,"1324 Wightman St, Pittsburgh, PA 15217",House for Rent,,"$1,995","3 br, 1.5 bath House - 1324 Wightman St","Wightman Street, Squirrel Hill South, PGH, Allegheny County, Pennsylvania, 15217, USA",40.4357578,-79.9276271,0.7057371091489787,-1.395000256201247,[10.72600001],[11.24901217],[10.87060029],95,97,98
99,"1121 Sheffield St, Pittsburgh, PA 15233",House for Rent,,"$1,800","3 br, 2 bath House - 1121 Sheffield St","1121, Sheffield Street, Chateau, PGH, Allegheny County, Pennsylvania, 15233, USA",40.4538731888717,-80.0213787135125,0.706053282330069,-1.3966365305360975,[10.46401348],[11.02684311],[10.6414312],79,63,67
100,"5524 Covode St, Pittsburgh, PA 15217",Condo for Rent,,"$1,195","2 br, 1 bath  - 5524 Covode St","5524, Covode Street, Squirrel Hill South, PGH, Allegheny County, Pennsylvania, 15217, USA",40.4314452566606,-79.9297877966605,0.7056618410685713,-1.3950379674721096,[10.73811777],[11.24159796],[10.86016339],94,98,96
101,"250 37th St, Pittsburgh, PA 15201",House for Rent,,$900,"3 br, 1 bath House - 250 37th St","250, 37th Street, Lower Lawrenceville, PGH, Allegheny County, Pennsylvania, 15201, USA",40.464975477702,-79.9633459868911,0.7062470538246651,-1.3956236683826442,[10.55742366],[11.26172627],[10.83804484],96,75,93
102,"3734 Orpwood St, Pittsburgh, PA 15213",Condo for Rent,,$400,3734 Orpwood St,"3734, Orpwood Street, South Oakland, PGH, Allegheny County, Pennsylvania, 15213, USA",40.4296069770166,-79.9527604664162,0.705629757036211,-1.3954389161973197,[10.73661],[11.28298145],[10.84818135],97,98,95
103,"353 Grace St, Pittsburgh, PA 15211",Condo for Rent,,"$1,500",353 Grace St,"353, Grace Street, Mount Washington, PGH, Allegheny County, Pennsylvania, 15211, USA",40.4302656067118,-80.0117896052771,0.7056412522929437,-1.3964691690250595,[10.5612009],[11.11590405],[10.66851501],85,75,70
104,"2359 Tilbury Ave, Pittsburgh, PA 15217",Townhome for Rent,,"$1,149","3 br, 1 bath Duplex - 2359 Tilbury Ave 2359","2359, Tilbury Avenue, Squirrel Hill South, PGH, Allegheny County, Pennsylvania, 15217, USA",40.4293706597725,-79.9180169784876,0.7056256325222223,-1.394832527939339,[10.72940537],[11.18256411],[10.84915329],90,97,95
105,"1615 Crosby Ave, Pittsburgh, PA 15216",House for Rent,,"$1,095","3 br, 1 bath House - 1615 Crosby Ave","1615, Crosby Avenue, Beechview, PGH, Allegheny County, Pennsylvania, 15216, USA",40.4055318118067,-80.0232208268463,0.7052095661353368,-1.396668681478967,[10.46154268],[10.93550156],[10.49847821],72,62,47
106,"6623 Ridgeville St, Pittsburgh, PA 15217",Townhome for Rent,,"$1,425",6623 Ridgeville St,"6623, Ridgeville Street, Point Breeze, Point Breeze South, PGH, Allegheny County, Pennsylvania, 15217, USA",40.4436406734303,-79.9144462162741,0.7058746912448555,-1.3947702063819076,[10.67403657],[11.20812781],[10.8768574],92,90,99
107,"5616 Callowhill St, Pittsburgh, PA 15206",Condo for Rent,,"$1,500",5616 Callowhill St,"5616, Callowhill Street, Highland Park, PGH, Allegheny County, Pennsylvania, 15206, USA",40.4783855070835,-79.9222713169507,0.7064811029901615,-1.3949067801530142,[10.36116206],[11.13426287],[10.77915543],87,49,85
108,"5931 Walnut St, Pittsburgh, PA 15232",Condo for Rent,,"$1,575","1 br, 1 bath Apartment - 5931 Walnut St 101","5931, Walnut Street, Shadyside, PGH, Allegheny County, Pennsylvania, 15232, USA",40.453957,-79.926028,0.7060547451102077,-1.3949723466411785,[10.62829378],[11.25743184],[10.87888622],96,84,99
109,"5717 Howe St, Pittsburgh, PA 15232",Condo for Rent,,"$1,875","2 br, 1.5 bath Apartment - 5717 Howe St Apt 1 Unit Apt 1","5717, Howe Street, Shadyside, PGH, Allegheny County, Pennsylvania, 15232, USA",40.4514792031417,-79.9298486864368,0.7060114993968348,-1.3950390301991868,[10.65132205],[11.27301267],[10.88248393],97,87,100
110,"5855 Darlington Rd, Pittsburgh, PA 15217",Condo for Rent,,"$1,025",5855 Darlington Rd,"5855, Darlington Road, Squirrel Hill South, PGH, Allegheny County, Pennsylvania, 15217, USA",40.4371296949923,-79.9209166702104,0.7057610532335861,-1.3948831371071946,[10.71376211],[11.2256829],[10.87114355],93,95,98
111,"827 S Braddock Ave, Pittsburgh, PA 15221",Condo for Rent,,"$1,495",827 S Braddock Ave,"827, South Braddock Avenue, Park Place, Regent Square, Swissvale, Allegheny County, Pennsylvania, 15221, USA",40.436562245863,-79.8961806885078,0.7057511493779421,-1.3944514127827712,[10.65956995],[11.07710658],[10.8557011],82,88,96
112,"1401 N St Clair St, Pittsburgh, PA 15206",Condo for Rent,,"$1,195",1401 N St Clair St,"1401, North Saint Clair Street, Highland Park, PGH, Allegheny County, Pennsylvania, 15206, USA",40.4778535,-79.9198669,0.7064718177149105,-1.3948648151606338,[10.36182724],[11.12933078],[10.78075397],86,49,86
113,"2322 E Carson St, Pittsburgh, PA 15203",Condo for Rent,,"$1,350",2322 E Carson St,"2322, East Carson Street, South Side Flats, PGH, Allegheny County, Pennsylvania, 15203, USA",40.42809155,-79.9719483293627,0.7056033078451978,-1.3957738075821577,[10.70565796],[11.26905408],[10.8145745],96,94,90
114,"3946 Winterburn Ave, Pittsburgh, PA 15207",House for Rent,,"$1,150",3946 Winterburn Ave,"3946, Winterburn Avenue, Four Mile Run, Greenfield, PGH, Allegheny County, Pennsylvania, 15207, USA",40.4264985882353,-79.9398899411765,0.7055755054175453,-1.3952142831554262,[10.74619642],[11.24908531],[10.84451651],95,100,94
115,"4525 Friendship Ave, Pittsburgh, PA 15224",House for Rent,,"$1,249",4525 Friendship Ave,"4525, Friendship Avenue, Bloomfield, PGH, Allegheny County, Pennsylvania, 15224, USA",40.465625,-79.951723,0.7062583901273305,-1.3954208089924784,[10.55261568],[11.26633896],[10.84784147],96,74,95
116,"5441 Potter St, Pittsburgh, PA 15232",House for Rent,,"$2,300",5441 Potter St,"5441, Potter Street, Shadyside, PGH, Allegheny County, Pennsylvania, 15232, USA",40.4544803649936,-79.9362121183391,0.7060638795525357,-1.3951500930376084,[10.63671276],[11.28583051],[10.87982233],98,85,99
117,"120 Prospect St, Pittsburgh, PA 15211",3 Bed,,"$1,500",Stunning 3 Bed/2 Bathroom with Amazing Views! Unit B,"120, Prospect Street, Mount Washington, PGH, Allegheny County, Pennsylvania, 15211, USA",40.4285953506284,-80.0094724801429,0.705612100824937,-1.396428727562287,[10.57248689],[11.12676037],[10.67626095],86,77,71
118,"5535 Wellesley Ave, Pittsburgh, PA 15206",House for Rent,,"$1,350",5535 Wellesley Ave,"5535, Wellesley Avenue, Morningside, PGH, Allegheny County, Pennsylvania, 15206, USA",40.4745943170355,-79.9266142529333,0.7064149342412551,-1.394982578685114,[10.42162489],[11.17545828],[10.80611936],90,57,89
119,"3030 Merwyn Ave, Pittsburgh, PA 15204",House for Rent,,$695,3030 Merwyn Ave,"3030, Merwyn Avenue, Corliss, Sheraden, PGH, Allegheny County, Pennsylvania, 15204, USA",40.457698536208,-80.052375002695,0.7061200472361199,-1.3971775178382324,[10.25141993],[10.70262307],[10.40353182],55,35,34
120,"184 41st St, Pittsburgh, PA 15201",Townhome for Rent,,"$1,350","3 br, 2 bath Townhome - 184 41st Street","184, 41st Street, Lawrenceville, Central Lawrenceville, PGH, Allegheny County, Pennsylvania, 15201, USA",40.4699390289523,-79.9620782665378,0.7063336841365744,-1.3956015424884847,[10.51210047],[11.23604969],[10.82154314],94,69,91
121,"3028 Merwyn Ave, Pittsburgh, PA 15204",House for Rent,,$695,3028 Merwyn Ave,"3028, Merwyn Avenue, Corliss, Sheraden, PGH, Allegheny County, Pennsylvania, 15204, USA",40.4576685816727,-80.0523469203181,0.706119524430853,-1.3971770277082936,[10.25173967],[10.70309496],[10.40379978],55,35,34
122,"1025 Farragut St, Pittsburgh, PA 15206",Condo for Rent,,$995,"3 br, 1 bath  - 1025 Farragut St Apt 2 Unit Apt 2","1025, Farragut Street, Highland Park, PGH, Allegheny County, Pennsylvania, 15206, USA",40.4730487,-79.9183448,0.7063879581350108,-1.3948382495040892,[10.42046876],[11.15560375],[10.80919941],88,57,89
123,"7108 Baker St, Pittsburgh, PA 15206",House for Rent,,"$1,200","3 br, 1 bath House - 7108 Baker St","7108, Baker Street, Morningside, PGH, Allegheny County, Pennsylvania, 15206, USA",40.4878648544287,-79.9240060774827,0.7066465488122755,-1.3949370574360314,[10.22638198],[11.05767821],[10.70609703],81,32,75
124,"3532 Brighton Rd, Pittsburgh, PA 15212",Condo for Rent,,$900,"2 br, 1 bath Apartment - 3532 Brighton Rd","3532, Brighton Road, Brighton Heights, PGH, Allegheny County, Pennsylvania, 15214, USA",40.4802553,-80.0312516029412,0.706513737032885,-1.3968088449633134,[10.25728717],[10.76947089],[10.51286053],60,36,49
125,"3015 Josephine St, Pittsburgh, PA 15203",House for Rent,,"$1,095","2 br, 2 bath House - 3015 Josephine St","3015, Josephine Street, Billy Buck Hill, South Side Slopes, PGH, Allegheny County, Pennsylvania, 15203, USA",40.422293,-79.965507,0.7055021040558563,-1.3956613851765733,[10.7172505],[11.25011709],[10.80670233],95,96,89
126,"569 Loretto Rd, Pittsburgh, PA 15217",House for Rent,,"$1,075","2 br, 1 bath House - 569 Loretto Road","569, Loretto Road, Four Mile Run, Greenfield, PGH, Allegheny County, Pennsylvania, 15217, USA",40.4210874781703,-79.9378497089407,0.7054810637307233,-1.3951786743854062,[10.74549633],[11.21328808],[10.82331807],92,99,91
127,"2001 Boulevard of the Allies, Pittsburgh, PA 15219",Townhome for Rent,,$800,2001 Boulevard of the Allies,"2001, Boulevard of the Allies, Soho, Bluff, PGH, Allegheny County, Pennsylvania, 15219, USA",40.436352,-79.977663,0.7057474798953941,-1.3958735474004458,[10.68345731],[11.27946182],[10.82186162],97,91,91
128,"3837 Hiawatha St, Pittsburgh, PA 15212",House for Rent,,"$1,000",3 Bedroom Northside House with Huge Yard,"3837, Hiawatha Street, Brighton Heights, PGH, Allegheny County, Pennsylvania, 15212, USA",40.4836723742029,-80.0440614519036,0.7065733762285105,-1.3970324190043906,[10.16409369],[10.60659362],[10.40744287],48,23,35
129,"2402 Cobden St, Pittsburgh, PA 15203",House for Rent,,"$1,225","4 br, 2 bath House - 2402 Cobden St","2402, Cobden Street, Billy Buck Hill, South Side Slopes, PGH, Allegheny County, Pennsylvania, 15203, USA",40.4200786781348,-79.9722555012438,0.7054634568486096,-1.3957791687428525,[10.69966721],[11.2315283],[10.78490353],94,93,86
130,"351 S Atlantic Ave, Pittsburgh, PA 15224",Condo for Rent,,"$1,095","2 br, 1 bath  - 351 S Atlantic Ave 1","351, South Atlantic Avenue, Garfield, PGH, Allegheny County, Pennsylvania, 15224, USA",40.4608109511915,-79.9390079829641,0.7061743691252703,-1.3951988900807546,[10.58832998],[11.27482127],[10.86712418],97,79,97
131,"1027 Macon Ave, Pittsburgh, PA 15218",Condo for Rent,,"$1,200","2 br, 1 bath Apartment - 1027 Macon Ave","1027, Macon Avenue, Regent Square, Swissvale, Allegheny County, Pennsylvania, 15218, USA",40.4325616910683,-79.8975752551637,0.7056813265248683,-1.394475752562555,[10.67728806],[11.07183287],[10.84631778],82,90,95
132,"105 Shadyhill Rd, Pittsburgh, PA 15205",House for Rent,,"$1,200","1 br, 1 bath House - 105 Shadyhill Rd","105, Shadyhill Road, Westwood, PGH, Allegheny County, Pennsylvania, 15205, USA",40.4351444781443,-80.0486244505717,0.7057264046632225,-1.397112058354913,[10.32686616],[10.80359131],[10.41513727],63,45,36
133,"101 Shadyhill Rd, Pittsburgh, PA 15205",House for Rent,,"$1,950","5 br, 3 bath House - 101 Shadyhill Rd","101, Shadyhill Road, Westwood, PGH, Allegheny County, Pennsylvania, 15205, USA",40.4351501593814,-80.0486254835239,0.7057265038195154,-1.39711207638333,[10.32685443],[10.80357829],[10.41514179],63,45,36
134,"69 Allen St, Pittsburgh, PA 15210",House for Rent,,"$1,299","5 br, 3 bath House - 69 Allen","69, Allen Street, Allentown, PGH, Allegheny County, Pennsylvania, 15210, USA",40.4214592857143,-79.9938377142857,0.7054875529965499,-1.3961558494203006,[10.63448574],[11.18088095],[10.72455674],90,85,78
135,"144 44th St, Pittsburgh, PA 15201",House for Rent,,"$1,950","4 br, 2 bath House - 144 44th St","144, 44th Street, Lawrenceville, Central Lawrenceville, PGH, Allegheny County, Pennsylvania, 15201, USA",40.472604,-79.961527,0.7063801966558271,-1.395591921072344,[10.48522704],[11.21962479],[10.81034868],93,65,90
136,"430 Brownsville Rd, Pittsburgh, PA 15210",Condo for Rent,,$650,430 Brownsville,"430, Brownsville Road, Carrick, Brentwood, Allegheny County, Pennsylvania, 15210, USA",40.4126074849868,-79.9893982250094,0.7053330599291245,-1.396078365715322,[10.63205286],[11.14787723],[10.70329567],88,85,75
137,"827 S Braddock Ave, Pittsburgh, PA 15221",Condo for Rent,,"$1,495",827 S Braddock Ave,"827, South Braddock Avenue, Park Place, Regent Square, Swissvale, Allegheny County, Pennsylvania, 15221, USA",40.436562245863,-79.8961806885078,0.7057511493779421,-1.3944514127827712,[10.65956995],[11.07710658],[10.8557011],82,88,96
138,"2412 Cobden St, Pittsburgh, PA 15203",House for Rent,,"$1,175","3 br, 2.5 bath House - 2412 Cobden St","2412, Cobden Street, Billy Buck Hill, South Side Slopes, PGH, Allegheny County, Pennsylvania, 15203, USA",40.4200620688085,-79.9721330074626,0.7054631669611791,-1.3957770308230573,[10.69993961],[11.23160156],[10.78510075],94,93,86
139,"68 Gregory St, Pittsburgh, PA 15203",House for Rent,,"$1,000","3 br, 1 bath House - 68 Gregory St","68, Gregory Street, Billy Buck Hill, South Side Slopes, PGH, Allegheny County, Pennsylvania, 15203, USA",40.4237763125,-79.9791701875,0.7055279927428173,-1.3958998527847657,[10.68567308],[11.23734745],[10.78221481],94,92,86
140,"6635 Ridgeville St, Pittsburgh, PA 15217",Townhome for Rent,,"$1,485",6635 Ridgeville St,"6635, Ridgeville Street, Point Breeze, Point Breeze South, PGH, Allegheny County, Pennsylvania, 15217, USA",40.4437002489939,-79.9141038406583,0.705875731034594,-1.3947642308001333,[10.67302087],[11.20644475],[10.87671701],92,90,99
141,"7225 Meade St, Pittsburgh, PA 15208",Condo for Rent,,"$1,275",7225 Meade St,"7225, Meade Street, Homewood, Point Breeze North, PGH, Allegheny County, Pennsylvania, 15208, USA",40.4499691386812,-79.9002107286755,0.7059851438000817,-1.3945217502526852,[10.5974797],[11.12806103],[10.86856375],86,80,98
142,"302 S Negley Ave, Pittsburgh, PA 15232",Condo for Rent,,"$1,495",302 S Negley Ave,"302, South Negley Avenue, Friendship, PGH, Allegheny County, Pennsylvania, 15232, USA",40.4604816,-79.9328234,0.7061686208625834,-1.3950909487451686,[10.58427403],[11.2626362],[10.86772164],96,78,97
143,"310 Amber St, Pittsburgh, PA 15206",Condo for Rent,,$995,310 Amber St,"310, Amber Street, East Liberty, PGH, Allegheny County, Pennsylvania, 15206, USA",40.4601287960364,-79.931661471882,0.7061624632718044,-1.3950706692738377,[10.58583821],[11.26071826],[10.86842234],96,79,98
144,"2325-2327 Eldridge St, Pittsburgh, PA 15217",Condo for Rent,,$950,2325-2327 Eldridge St,"2325, Eldridge Street, Squirrel Hill South, PGH, Allegheny County, Pennsylvania, 15217, USA",40.4309441352852,-79.9223073403025,0.7056530948506184,-1.3949074088791107,[10.73224453],[11.20984951],[10.8562521],92,98,96
145,"2325-2327 Eldridge St, Pittsburgh, PA 15217",Condo for Rent,,$995,2325-2327 Eldridge St,"2325, Eldridge Street, Squirrel Hill South, PGH, Allegheny County, Pennsylvania, 15217, USA",40.4309441352852,-79.9223073403025,0.7056530948506184,-1.3949074088791107,[10.73224453],[11.20984951],[10.8562521],92,98,96
146,"917 Excelsior St, Pittsburgh, PA 15210",House for Rent,,$950,"2 br, 1 bath House - 917 Excelsior","917, Excelsior Street, Allentown, PGH, Allegheny County, Pennsylvania, 15210, USA",40.4230041956585,-79.9916143687619,0.7055145167617229,-1.3961170447205007,[10.64458593],[11.19618786],[10.73895498],91,86,80
147,"3344 Beechwood Blvd, Pittsburgh, PA 15217",House for Rent,,"$2,100","6 br, 2.5 bath House - 3344 Beechwood Blvd","Beechwood Boulevard, Four Mile Run, Greenfield, PGH, Allegheny County, Pennsylvania, 15217, USA",40.4278554,-79.9287067,0.7055991862501692,-1.3950190987758517,[10.74255851],[11.22165678],[10.8484882],93,99,95
148,"2437 Edgar St, Pittsburgh, PA 15210",House for Rent,,$895,"4 br, 1 bath House - 2437 Edgar Street","2437, Edgar Street, Carrick, PGH, Allegheny County, Pennsylvania, 15210, USA",40.3863100930043,-79.9830996321279,0.7048740838543424,-1.3959684345312973,[10.52240189],[10.91628736],[10.57478947],71,70,57
149,"526 Penn Ave, Pittsburgh, PA 15222",1-2 Bed,,"$1,300 - 1,995",526 Penn Avenue,"526, Penn Avenue, Downtown, PGH, Allegheny County, Pennsylvania, 15222, USA",40.4424831085395,-80.0028093731617,0.7058544879262055,-1.3963124344070523,[10.58699711],[11.17921625],[10.73930531],90,79,80
150,"908 Penn Ave, Pittsburgh, PA 15222",1-2 Bed,,"$1,195 - 1,595",908 Penn Avenue,"908, Penn Avenue, Downtown, PGH, Allegheny County, Pennsylvania, 15222, USA",40.443770476074,-79.9978979678497,0.7058769567283658,-1.3962267142134581,[10.60289787],[11.20521963],[10.76271916],92,81,83
151,"915 Penn Ave, Pittsburgh, PA 15222",1-2 Bed,,"$1,195 - 2,000",The Penn Garrison Lofts,"915, Penn Avenue, Downtown, PGH, Allegheny County, Pennsylvania, 15222, USA",40.4439772555539,-79.9977726883731,0.7058805657111156,-1.3962245276741063,[10.6027783],[11.20572652],[10.76344216],92,81,83
152,"5562 Hobart St, Pittsburgh, PA 15217",1-2 Bed,,"$1,050 - 1,510",Wendover,"5562, Hobart Street, Squirrel Hill South, PGH, Allegheny County, Pennsylvania, 15217, USA",40.4321571,-79.9286000536155,0.7056742650786022,-1.3950172374453067,[10.73588667],[11.24016687],[10.86191387],94,98,97
153,"4840 Harrison St, Pittsburgh, PA 15201",2 Bed,,"$1,850",Locomotive Lofts,"4840, Harrison Street, Lawrenceville, Central Lawrenceville, PGH, Allegheny County, Pennsylvania, 15201, USA",40.4774840824221,-79.958981457782,0.7064653701618615,-1.3955474929793912,[10.43093498],[11.18687849],[10.78732819],90,58,86
154,"3080 Smallman St, Pittsburgh, PA 15201",2 Bed,,"$1,800",31st Street Lofts,"3080, Smallman Street, Strip District, PGH, Allegheny County, Pennsylvania, 15201, USA",40.4601937137624,-79.9724587695049,0.706163596299866,-1.3957827164432735,[10.5868976],[11.26540037],[10.83468176],96,79,93
155,"125 N Saint Clair St, Pittsburgh, PA 15206",1 Bed,,$853 - 950,Penn Manor Apartments,"125, N St Clair Street, East Liberty, PGH, Allegheny County, Pennsylvania, 15206, USA",40.463074799055,-79.9287914850612,0.7062138807242527,-1.395020578554326,[10.55411121],[11.24233202],[10.85913032],94,74,96
156,"McKees Rocks, PA 15136",Condo for Rent,,$750,414 Ella St,"McKees Rocks, Allegheny County, Pennsylvania, 151363, USA",40.4656244,-80.0656106,0.706258379655355,-1.3974085225896726,[10.1143791],[10.49503952],[10.27090632],40,17,16
157,"3705 Main St, Munhall, PA 15120",Condo for Rent,,$650,3705 Main St,"3705, Main Street, Munhall, Allegheny County, Pennsylvania, 15120, USA",40.3844008456927,-79.9036601034257,0.7048407612025201,-1.3945819531992112,[10.54346456],[10.63746828],[10.53467516],50,73,52
158,"325 Johnston Rd, Penn Hills, PA 15235",House for Rent,,$999,"2 br, 1 bath House - 325 Johnston Rd","325, Johnston Road, Laketon Heights, Penn Hills, Allegheny County, Pennsylvania, 15235, USA",40.4661158105477,-79.856304328796,0.7062669563873912,-1.3937554390120905,[10.24392459],[10.71020073],[10.79819153],56,34,88
159,"West Mifflin, PA 15122",House for Rent,,$850,437 Bellwood Rd,"West Mifflin, Allegheny County, Pennsylvania, USA",40.3634026,-79.8664375,0.7044742726780397,-1.3939322962132688,[10.26424699],[9.93675578],[10.17686242],0,36,3
160,"369 Questend Ave, Mount Lebanon, PA 15228",Townhome for Rent,,"$1,450","3 br, 1.5 bath Townhome - 369 Questend Ave","369, Questend Avenue, Mount Lebanon, Allegheny County, Pennsylvania, 15228, USA",40.3763176,-80.0322413,0.7046996819509348,-1.3968261184355868,[10.32841392],[10.6183456],[10.2729509],49,45,16
161,"233 Clearview Ave, Crafton, PA 15205",House for Rent,,"$1,150","3 br, 1 bath House - 233 Clearview Ave","233, Clearview Avenue, Crafton, Allegheny County, Pennsylvania, 15205, USA",40.4364924403257,-80.0595407843608,0.7057499310414802,-1.3973025843217797,[10.23630569],[10.67896747],[10.31585799],53,33,22
162,"3545 York St, Munhall, PA 15120",House for Rent,,"$1,100","3 br, 1 bath House - 3545 York St","3545, York Street, Munhall, Allegheny County, Pennsylvania, 15120, USA",40.3862297224141,-79.9110829600855,0.7048726811229216,-1.3947115064878284,[10.56916342],[10.71698866],[10.56724912],56,76,56
163,"3310 Jameson Dr, Brentwood, PA 15227",3 Bed,,$725,Brentwood Townhomes,"3310, Jameson Drive, Brentwood, Allegheny County, Pennsylvania, 15227, USA",40.3746193420742,-79.9841931715588,0.7046700417585815,-1.3959875203948668,[10.43807643],[10.76292244],[10.49479729],60,59,46
164,"405-419 S Braddock Ave, Pittsburgh, PA 15221",,,,Heidelberg,"405, South Braddock Avenue, Park Place, Point Breeze South, PGH, Allegheny County, Pennsylvania, 15221, USA",40.4443926504514,-79.8961384158483,0.705887815719773,-1.3944506749856793,[10.62108289],[11.09569847],[10.86632988],84,83,97
165,"1088 Greentree Rd, Pittsburgh, PA 15220",,,,Greentree Manor,"Greentree Road, West End, PGH, Allegheny County, Pennsylvania, 15220, USA",40.4347039,-80.0351135,0.7057187151239921,-1.3968762477823626,[10.42439737],[10.93836642],[10.52594255],72,57,51
166,"176-178 W Prospect Ave, Pittsburgh, PA 15205",,,,Comfort Arms,"176, West Prospect Avenue, Fairywood, Ingram, Allegheny County, Pennsylvania, 15205, USA",40.4478035856242,-80.0724685636319,0.7059473477691105,-1.3975282166350314,[10.10246118],[10.49010137],[10.20113217],40,15,6
167,"118 Maple Ave, Pittsburgh, PA 15218",,,,118 Maple Ave,"Maple Avenue, Perry Hilltop, Perry South, PGH, Allegheny County, Pennsylvania, 15214, USA",40.4711967,-80.0079203,0.7063556346372638,-1.3964016369082093,[10.42240982],[11.03686963],[10.68190833],79,57,72
168,"1592 Crucible St, Pittsburgh, PA 15205",,,,Crafton Heights Townhomes,"Crucible Street, Crafton Heights, PGH, Allegheny County, Pennsylvania, 15205, USA",40.4460984,-80.045764,0.7059175866656104,-1.3970621340743463,[10.33375579],[10.81909566],[10.45888356],64,46,42
169,"909 Penn Ave, Pittsburgh, PA 15222",,,,Lando Lofts,"909, Penn Avenue, Downtown, PGH, Allegheny County, Pennsylvania, 15222, USA",40.443926622223,-79.9979674058135,0.7058796819927803,-1.3962279261345523,[10.60219724],[11.20475473],[10.76256402],92,81,83
170,"1655 5th Ave, Pittsburgh, PA 15219",,,,Flats on Fifth,"Fifth Avenue, Bellefield, North Oakland, PGH, Allegheny County, Pennsylvania, 15213-3704, USA",40.4470102,-79.9485357,0.7059335005777302,-1.3953651801132294,[10.68718523],[11.31215909],[10.88005701],100,92,99
171,"5836 Penn Ave, Pittsburgh, PA 15206",,,,East Liberty Place South,"5836, Penn Avenue, East Liberty, PGH, Allegheny County, Pennsylvania, 15206, USA",40.4622815380837,-79.9274694786974,0.706200035708476,-1.3949975051905454,[10.55948558],[11.24118374],[10.86116039],94,75,97
172,"115 N Beatty St, Pittsburgh, PA 15206",,,,East Liberty Place North,"115, North Beatty Street, East Liberty, PGH, Allegheny County, Pennsylvania, 15206, USA",40.4627852040816,-79.9263158877551,0.7062088263384696,-1.394977371230381,[10.5525831],[11.23560522],[10.85913187],94,74,96
173,"2217 E Carson St, Pittsburgh, PA 15203",,,,Carson Towers,"2217, East Carson Street, South Side Flats, PGH, Allegheny County, Pennsylvania, 15203, USA",40.4282677804878,-79.9734529756098,0.7056063836474523,-1.3958000686132475,[10.70207505],[11.26719248],[10.81174158],96,94,90
174,"200 Cowan St, Pittsburgh, PA 15211",,,,Lofts of Mt. Washington,"Cowan Street, Mount Washington, PGH, Allegheny County, Pennsylvania, 15211, USA",40.4274797,-80.0095876,0.7055926290481694,-1.396430736782828,[10.57166491],[11.12330017],[10.67219698],86,77,71
175,"149 Hazelwood Ave, Pittsburgh, PA 15207",,,,Hazelwood,"149, Hazelwood Avenue, Glenwood, Hazelwood, PGH, Allegheny County, Pennsylvania, 15207, USA",40.411763,-79.942679,0.7053183208856212,-1.395262961414928,[10.72569971],[11.15756082],[10.77769991],88,97,85
176,"600 Kelly Ave, Pittsburgh, PA 15221",,,,Village Square,"Kelly Avenue, Park Place, Point Breeze South, Wilkinsburg, Allegheny County, Pennsylvania, 15221, USA",40.4412318,-79.8933535,0.7058326484722329,-1.3944020690347356,[10.62924416],[11.06916071],[10.86191281],82,84,97
177,"5601 Penn Ave, Pittsburgh, PA 15206",,,,New Pennley Place,"5601, Penn Avenue, East Liberty, PGH, Allegheny County, Pennsylvania, 15206, USA",40.4635333,-79.9296606,0.7062218830753665,-1.3950357474715864,[10.55109252],[11.2431096],[10.85791457],94,74,96
178,"41 Allegheny Ave, Pittsburgh, PA 15212",,,,The Rivers Edge of Oakmont,"Allegheny Avenue, Chateau, PGH, Allegheny County, Pennsylvania, 14233, USA",40.4486445,-80.0179887,0.7059620244936955,-1.3965773636386172,[10.49996733],[11.06889091],[10.66249277],82,67,69
179,"2829 Bedford Ave, Pittsburgh, PA 15219",,,,Christopher A. Smith Terrace Senior Living,"2829, Bedford Avenue, Bedford Dwellings, PGH, Allegheny County, Pennsylvania, 15219, USA",40.452475648225,-79.9685415434696,0.7060288906443537,-1.3957143479514127,[10.6416678],[11.29657718],[10.8534348],98,86,96
180,"4646 Friendship Ave, Pittsburgh, PA 15224",,,,Noodle Factory,"4646, Friendship Avenue, Bloomfield, PGH, Allegheny County, Pennsylvania, 15224, USA",40.4636312222222,-79.9492627407407,0.7062235921405546,-1.395377869367951,[10.57002307],[11.27494421],[10.85586461],97,76,96
181,"711 S 21st St, Pittsburgh, PA 15203",,,,The Brew House,"South 21st Street, South Side Flats, PGH, Allegheny County, Pennsylvania, 15203, USA",40.4294246,-79.9761522,0.7056265739567914,-1.3958471789661067,[10.6950173],[11.26594532],[10.80872228],96,93,89
182,"111 Tecumseh St, Pittsburgh, PA 15207",,,,Hazelwood Towers,"111, Tecumseh Street, Glenwood, Hazelwood, PGH, Allegheny County, Pennsylvania, 15207, USA",40.4087874607817,-79.9429796601662,0.7052663879292397,-1.395268208924758,[10.71549892],[11.13254273],[10.76127248],86,95,83
183,"5461 Penn Ave, Pittsburgh, PA 15206",,,,Fairmont Apartments,"5461, Penn Avenue, Friendship, PGH, Allegheny County, Pennsylvania, 15206, USA",40.464609,-79.93371,0.7062406575821302,-1.3951064228343166,[10.54673418],[11.24928092],[10.85526765],95,73,96
184,"900 Penn Ave, Pittsburgh, PA 15222",,,,900 Penn,"900, Penn Avenue, Downtown, PGH, Allegheny County, Pennsylvania, 15222, USA",40.443703,-79.998158,0.7058757790487082,-1.396231252630642,[10.60211389],[11.20391535],[10.76154045],92,81,83
185,"420 Dinwiddie St, Pittsburgh, PA 15219",,,,Ebenezer Tower,"420, Dinwiddie Street, Crawford-Roberts, PGH, Allegheny County, Pennsylvania, 15219, USA",40.4426723935555,-79.9803470033349,0.7058577915729594,-1.3959203920957741,[10.66108226],[11.27742739],[10.82394622],97,88,91
186,"1926 Pauline Ave, Pittsburgh, PA 15216",,,,Beechview Manor,"1926, Pauline Avenue, Beechview, PGH, Allegheny County, Pennsylvania, 15216, USA",40.4057394,-80.026792,0.7052131892327981,-1.3967310102086579,[10.44270304],[10.91223689],[10.4754399],70,60,44
187,"5500 Elmer St, Pittsburgh, PA 15232",,,,5500 & 5508 Elmer Street Properties,"5500, Elmer Street, Shadyside, PGH, Allegheny County, Pennsylvania, 15232, USA",40.452437,-79.934422,0.7060282161055774,-1.3951188495785907,[10.64962921],[11.2847267],[10.88216611],98,87,99
188,"809 College St, Pittsburgh, PA 15232",,,,809 College St,"809, College Street, Shadyside, PGH, Allegheny County, Pennsylvania, 15232, USA",40.4532983276133,-79.926913996568,0.7060432491083678,-1.3949878101984514,[10.63453019],[11.26142381],[10.87998417],96,85,99
189,"205 Robinson St, Pittsburgh, PA 15213",,,,205 Robinson St,"205, Robinson Street, West Oakland, PGH, Allegheny County, Pennsylvania, 15213, USA",40.4405351666667,-79.96567375,0.7058204899268877,-1.395664295513101,[10.69797951],[11.30689034],[10.85494945],99,93,96
190,"151 Robinson St, Pittsburgh, PA 15213",,,,151 Robinson St,"151, Robinson Street, West Oakland, PGH, Allegheny County, Pennsylvania, 15213, USA",40.439148,-79.96557,0.70579627930128,-1.395662484734002,[10.70218592],[11.30544008],[10.85315792],99,94,95
191,"5629 Beacon St, Pittsburgh, PA 15217",,,,Beacon Commons,"5629, Beacon Street, Squirrel Hill South, PGH, Allegheny County, Pennsylvania, 15217, USA",40.4343310810552,-79.9267283901562,0.7057122082058914,-1.3949845707554527,[10.72918467],[11.24108118],[10.86707992],94,97,97
192,"5560 Forbes Ave, Pittsburgh, PA 15217",,,,Walnut on Wightman,"5560, Forbes Avenue, Squirrel Hill, Squirrel Hill North, PGH, Allegheny County, Pennsylvania, 15217, USA",40.4378803017694,-79.9289126257741,0.7057741537932342,-1.3950226928586245,[10.72029708],[11.25942595],[10.8751016],96,96,98
193,"5326 Pocusset St, Pittsburgh, PA 15217",,,,Walnut on the Park,"Walnut on the Park, 5326, Pocusset Street, Squirrel Hill South, PGH, Allegheny County, Pennsylvania, 15217, USA",40.4297985,-79.9314630885931,0.7056330997428646,-1.3950672068322656,[10.74177875],[11.24041138],[10.85551072],94,99,96
194,"5615-5645 Hempstead Rd, Pittsburgh, PA 15217",,,,Hempstead Properties,"5615, Hempstead Road, Squirrel Hill South, PGH, Allegheny County, Pennsylvania, 15217, USA",40.431835110636,-79.9271372785379,0.705668645304044,-1.3949917072039864,[10.73537327],[11.23344936],[10.8606203],94,98,97
195,"2129-2135 Wightman, Pittsburgh, PA 15217",,,,Wightman Street Apartments,"Wightman Street, Squirrel Hill South, PGH, Allegheny County, Pennsylvania, 15217, USA",40.4357578,-79.9276271,0.7057371091489787,-1.395000256201247,[10.72600001],[11.24901217],[10.87060029],95,97,98
196,"5636 Forbes Ave, Pittsburgh, PA 15217",,,,5636 Forbes Ave,"5636, Forbes Avenue, Squirrel Hill, Squirrel Hill North, PGH, Allegheny County, Pennsylvania, 15217, USA",40.4379919996424,-79.9262552470949,0.7057761032888855,-1.3949763128512,[10.71733432],[11.25003747],[10.87465725],95,96,98
197,"106 15th St, Pittsburgh, PA 15229",,,,Laurel Ridge,"15th Street, Strip District, PGH, Allegheny County, Pennsylvania, 15219, USA",40.4493719,-79.9901086,0.7059747200186746,-1.396090764097832,[10.60963077],[11.23570027],[10.79591278],94,82,88
198,"201 Center St, Pittsburgh, PA 15221",,,,201 Center Ave,"201, Center Street, East Pittsburgh, Allegheny County, Pennsylvania, 15112, USA",40.3961916168273,-79.8440602119042,0.705046548980168,-1.3935417388583298,[10.4213027],[10.22424868],[10.55941432],20,57,55
199,"710 W North Ave, Pittsburgh, PA 15212",,,,West Park Court,"West Park Court, 710, West North Avenue, Central Northside, PGH, Allegheny County, Pennsylvania, 15233, USA",40.45435765,-80.0142269906487,0.7060617377718558,-1.3965117094249337,[10.4970405],[11.08076231],[10.68360437],83,67,72
200,"2948 Brownsville Rd, Pittsburgh, PA 15227",,,,Hillcrest Senior Residences,"Brownsville Road, Carrick, Brentwood, Allegheny County, Pennsylvania, 15210:15227, USA",40.386906,-79.982737,0.7048844843934531,-1.395962105406692,[10.52716931],[10.92386532],[10.57954416],71,71,58
201,"972 Perry Hwy, Pittsburgh, PA 15237",,,,Marlett Arms,"Perrysville Avenue, Perry North, Ross Township, Allegheny County, Pennsylvania, 15214, USA",40.4983102,-80.0203109,0.7068288544840032,-1.3966178936745068,[10.12342649],[10.67086549],[10.46957488],53,18,43
202,"25 Hawley Ave, Bellevue, PA 15202",,,,Bellevue Gables,"Bellevue Gables Apartments, 25, Hawley Avenue, Bellevue, Allegheny County, Pennsylvania, 15202, USA",40.49737095,-80.0564091,0.7068124614790039,-1.3972479261185502,[9.98162084],[10.32388171],[10.24543095],28,0,12
203,"901 Gray St, Mckees Rocks, PA 15136",,,,Meyers Ridge,"Meyers Ridge, 901, Gray Street, McKees Rocks Bottoms, McKees Rocks, Allegheny County, Pennsylvania, 15136, USA",40.46938175,-80.0654100145931,0.7063239577840047,-1.3974050217138907,[10.10015152],[10.47250725],[10.26692356],38,15,15
204,"37 Washington Ave, Bellevue, PA 15202",,,,Bellevue Apartments,"37, Washington Avenue, Bellevue, Allegheny County, Pennsylvania, 15202, USA",40.4887405416667,-80.0474748229167,0.7066618324377962,-1.3970919935671613,[10.10497741],[10.51828384],[10.35804201],42,16,28
205,"5559 Hobart St, Pittsburgh, PA 15217",,,,Hobart Court,"5559, Hobart Street, Squirrel Hill South, PGH, Allegheny County, Pennsylvania, 15217, USA",40.4326060860967,-79.9283063553079,0.7056821013642852,-1.3950121114428315,[10.73470762],[11.24081139],[10.86307351],94,98,97
